source_repository	source_commit	source_last_commit	source_mode	source_blob	source_path	target_path	disposition	license
IvesLiu1026/SimWorld-Studio	d80aa78f7681e378a051528ec55b7cfdbe39f64d	feb161c789af4bb7a97b25c52c11972a3322242f	100644	78313b353a608d963a738434a6a65fdc650c1484	tools/blender/vista_playable_home/__init__.py	tools/blender/vista_playable_home/__init__.py	asset_pipeline	Apache-2.0
IvesLiu1026/SimWorld-Studio	d80aa78f7681e378a051528ec55b7cfdbe39f64d	feb161c789af4bb7a97b25c52c11972a3322242f	100644	6ea25667331435e556faf90c4acf69e79f54b9de	tools/blender/vista_playable_home/__main__.py	tools/blender/vista_playable_home/__main__.py	asset_pipeline	Apache-2.0
IvesLiu1026/SimWorld-Studio	d80aa78f7681e378a051528ec55b7cfdbe39f64d	feb161c789af4bb7a97b25c52c11972a3322242f	100644	3aa97dcebe0a4e62b5936a90a57f52cb6c669349	tools/blender/vista_playable_home/build.py	tools/blender/vista_playable_home/build.py	asset_pipeline	Apache-2.0
IvesLiu1026/SimWorld-Studio	d80aa78f7681e378a051528ec55b7cfdbe39f64d	feb161c789af4bb7a97b25c52c11972a3322242f	100644	a2862a0e34fc9699c67427a7d3215c8b930f7e0e	tools/blender/vista_playable_home/contract_scene.py	tools/blender/vista_playable_home/contract_scene.py	asset_pipeline	Apache-2.0
IvesLiu1026/SimWorld-Studio	d80aa78f7681e378a051528ec55b7cfdbe39f64d	feb161c789af4bb7a97b25c52c11972a3322242f	100644	692d9985ef41422851982e466ee99c4cfa63bf0e	tools/blender/vista_playable_home/scene.py	tools/blender/vista_playable_home/scene.py	asset_pipeline	Apache-2.0
IvesLiu1026/SimWorld-Studio	d80aa78f7681e378a051528ec55b7cfdbe39f64d	60a99a18d7f8fc71ac50a3c76399662bd1b1d706	100644	21c55f1ac3636129329b1dffffc745d151be5edf	tools/blender/vista_playable_home_hssd/README.md	tools/blender/vista_playable_home_hssd/README.md	asset_pipeline	Apache-2.0
IvesLiu1026/SimWorld-Studio	d80aa78f7681e378a051528ec55b7cfdbe39f64d	7d906c1ceb23a2df2e131f46cf22493d5deb2135	100644	163908765966204b7c6aa1677392d0d637280ca0	tools/blender/vista_playable_home_hssd/__init__.py	tools/blender/vista_playable_home_hssd/__init__.py	asset_pipeline	Apache-2.0
IvesLiu1026/SimWorld-Studio	d80aa78f7681e378a051528ec55b7cfdbe39f64d	7d906c1ceb23a2df2e131f46cf22493d5deb2135	100644	8b4c07906799bb87900d3582b45bc59a1d538627	tools/blender/vista_playable_home_hssd/__main__.py	tools/blender/vista_playable_home_hssd/__main__.py	asset_pipeline	Apache-2.0
IvesLiu1026/SimWorld-Studio	d80aa78f7681e378a051528ec55b7cfdbe39f64d	1dd7c7ae01004b9f7cc4c6614f341d388cffe614	100644	5aa9dc7b387d80c228bb0fd93d5f3d02e5714d0b	tools/blender/vista_playable_home_hssd/basisu_decode.mjs	tools/blender/vista_playable_home_hssd/basisu_decode.mjs	asset_pipeline	Apache-2.0
IvesLiu1026/SimWorld-Studio	d80aa78f7681e378a051528ec55b7cfdbe39f64d	60a99a18d7f8fc71ac50a3c76399662bd1b1d706	100644	7515ee63b18bd5ae4ed71ad6aa4dccc4ed81c6c6	tools/blender/vista_playable_home_hssd/build.py	tools/blender/vista_playable_home_hssd/build.py	asset_pipeline	Apache-2.0
IvesLiu1026/SimWorld-Studio	d80aa78f7681e378a051528ec55b7cfdbe39f64d	1dd7c7ae01004b9f7cc4c6614f341d388cffe614	100644	5129661aa7f75b9bccd0da04a83d5355a66a24f8	tools/blender/vista_playable_home_hssd/glb_transport.py	tools/blender/vista_playable_home_hssd/glb_transport.py	asset_pipeline	Apache-2.0
IvesLiu1026/SimWorld-Studio	d80aa78f7681e378a051528ec55b7cfdbe39f64d	60a99a18d7f8fc71ac50a3c76399662bd1b1d706	100644	5691e50ebaee0d98edb48e5b7a1ca5cdbf287dc7	tools/blender/vista_playable_home_hssd/planner.py	tools/blender/vista_playable_home_hssd/planner.py	asset_pipeline	Apache-2.0
IvesLiu1026/SimWorld-Studio	d80aa78f7681e378a051528ec55b7cfdbe39f64d	696eef9bb465b08e6956cce4743b38c79b356109	100644	415f45bec5582d3f2bcf3b2c97a0a64df20640ac	tools/blender/vista_playable_home_realism/__init__.py	tools/blender/vista_playable_home_realism/__init__.py	asset_pipeline	Apache-2.0
IvesLiu1026/SimWorld-Studio	d80aa78f7681e378a051528ec55b7cfdbe39f64d	2d54f84ef4b9d79c5cc22796f9ec9b0231655fca	100644	80913e52e3f5aa4045bcf03f5e5a9eda68cec304	tools/blender/vista_playable_home_realism/__main__.py	tools/blender/vista_playable_home_realism/__main__.py	asset_pipeline	Apache-2.0
IvesLiu1026/SimWorld-Studio	d80aa78f7681e378a051528ec55b7cfdbe39f64d	b533fb80590d5aeb0b126a6f79737dfede364575	100644	0890402fbf83b159366a87432d32a40b37aed3a3	tools/blender/vista_playable_home_realism/acquire_poly_haven.py	tools/blender/vista_playable_home_realism/acquire_poly_haven.py	asset_pipeline	Apache-2.0
IvesLiu1026/SimWorld-Studio	d80aa78f7681e378a051528ec55b7cfdbe39f64d	0bad131759ca62dca69eb621b46cbc24cc70293c	100644	b4026801b9d00809d18059172166fb56d2baceea	tools/blender/vista_playable_home_realism/architecture.py	tools/blender/vista_playable_home_realism/architecture.py	asset_pipeline	Apache-2.0
IvesLiu1026/SimWorld-Studio	d80aa78f7681e378a051528ec55b7cfdbe39f64d	c93416825f51a58c11b6361020e5a2cbbffa1526	100644	6297c51a4955cef147c79a6bce18ffae492207e5	tools/blender/vista_playable_home_realism/audit_local_assets.py	tools/blender/vista_playable_home_realism/audit_local_assets.py	asset_pipeline	Apache-2.0
IvesLiu1026/SimWorld-Studio	d80aa78f7681e378a051528ec55b7cfdbe39f64d	98fd5e2da6c80ee103713fbcb0daa77a68a4f1b5	100644	bbc8ec97f5b9e7dca2c65f4dea1791af3aeb4b5c	tools/blender/vista_playable_home_realism/build.py	tools/blender/vista_playable_home_realism/build.py	asset_pipeline	Apache-2.0
IvesLiu1026/SimWorld-Studio	d80aa78f7681e378a051528ec55b7cfdbe39f64d	2d54f84ef4b9d79c5cc22796f9ec9b0231655fca	100644	09ae1a5defac503f5c5d839bf368d41d78a47b6c	tools/blender/vista_playable_home_realism/config.py	tools/blender/vista_playable_home_realism/config.py	asset_pipeline	Apache-2.0
IvesLiu1026/SimWorld-Studio	d80aa78f7681e378a051528ec55b7cfdbe39f64d	2d54f84ef4b9d79c5cc22796f9ec9b0231655fca	100644	365801607342184f72acf6019cc2562eddbb9f2d	tools/blender/vista_playable_home_realism/dressing.py	tools/blender/vista_playable_home_realism/dressing.py	asset_pipeline	Apache-2.0
IvesLiu1026/SimWorld-Studio	d80aa78f7681e378a051528ec55b7cfdbe39f64d	98fd5e2da6c80ee103713fbcb0daa77a68a4f1b5	100644	7f8933328190077419053430110b860d10aea803	tools/blender/vista_playable_home_realism/export.py	tools/blender/vista_playable_home_realism/export.py	asset_pipeline	Apache-2.0
IvesLiu1026/SimWorld-Studio	d80aa78f7681e378a051528ec55b7cfdbe39f64d	98fd5e2da6c80ee103713fbcb0daa77a68a4f1b5	100644	2d854daed6df59febc1cf5b0bb4c4b6535d24240	tools/blender/vista_playable_home_realism/external_assets.py	tools/blender/vista_playable_home_realism/external_assets.py	asset_pipeline	Apache-2.0
IvesLiu1026/SimWorld-Studio	d80aa78f7681e378a051528ec55b7cfdbe39f64d	98fd5e2da6c80ee103713fbcb0daa77a68a4f1b5	100644	b9504d53d52ceaf32616483e5ba92d7a93b3ab29	tools/blender/vista_playable_home_realism/inspect.py	tools/blender/vista_playable_home_realism/inspect.py	asset_pipeline	Apache-2.0
IvesLiu1026/SimWorld-Studio	d80aa78f7681e378a051528ec55b7cfdbe39f64d	249b84f91a1a9bec2d078d1afa9cb8e52144959d	100644	b05290f43b94f66d3628b640a1a63899d1506dae	tools/blender/vista_playable_home_realism/local_asset_catalog.py	tools/blender/vista_playable_home_realism/local_asset_catalog.py	asset_pipeline	Apache-2.0
IvesLiu1026/SimWorld-Studio	d80aa78f7681e378a051528ec55b7cfdbe39f64d	98fd5e2da6c80ee103713fbcb0daa77a68a4f1b5	100644	76224c03ff7246e002c8087b1e2394c606c635a8	tools/blender/vista_playable_home_realism/materials.py	tools/blender/vista_playable_home_realism/materials.py	asset_pipeline	Apache-2.0
IvesLiu1026/SimWorld-Studio	d80aa78f7681e378a051528ec55b7cfdbe39f64d	98fd5e2da6c80ee103713fbcb0daa77a68a4f1b5	100644	fbb5381d7210ab50e26d821adf6b645ac84c4a52	tools/blender/vista_playable_home_realism/placement.py	tools/blender/vista_playable_home_realism/placement.py	asset_pipeline	Apache-2.0
IvesLiu1026/SimWorld-Studio	d80aa78f7681e378a051528ec55b7cfdbe39f64d	9ef0f7a0b8f305a8eba335b434af6d20e047de68	100644	ca09309758f1105c70457227186f47152a3a1be1	tools/blender/vista_playable_home_realism/source_resolver.py	tools/blender/vista_playable_home_realism/source_resolver.py	asset_pipeline	Apache-2.0
IvesLiu1026/SimWorld-Studio	d80aa78f7681e378a051528ec55b7cfdbe39f64d	6504dc93d1901cbe3983d042f6f86e93da044ace	100644	9944080415d8aae616d850edd6850512d1d080af	tools/runtime/vista_playable_home/README.md	tools/runtime/vista_playable_home/README.md	runtime_orchestration	Apache-2.0
IvesLiu1026/SimWorld-Studio	d80aa78f7681e378a051528ec55b7cfdbe39f64d	f1dbee87220284160cc9a58c5b753abcd41e6813	100644	25a9cdd64c40e3d30233fa3e035bfbf7520fdf43	tools/runtime/vista_playable_home/__init__.py	tools/runtime/vista_playable_home/__init__.py	runtime_orchestration	Apache-2.0
IvesLiu1026/SimWorld-Studio	d80aa78f7681e378a051528ec55b7cfdbe39f64d	6504dc93d1901cbe3983d042f6f86e93da044ace	100644	08fd129beb30e3da4fad615b87526b0c7bf98839	tools/runtime/vista_playable_home/acceptance.py	tools/runtime/vista_playable_home/acceptance.py	runtime_orchestration	Apache-2.0
IvesLiu1026/SimWorld-Studio	d80aa78f7681e378a051528ec55b7cfdbe39f64d	498836be7f1836b9ee9bdcb3838dc76db8c04d57	100644	180e88bd291f4e9308e19ebb2dd5b1300da89d8b	tools/runtime/vista_playable_home/launch.py	tools/runtime/vista_playable_home/launch.py	runtime_orchestration	Apache-2.0
IvesLiu1026/SimWorld-Studio	d80aa78f7681e378a051528ec55b7cfdbe39f64d	498836be7f1836b9ee9bdcb3838dc76db8c04d57	100644	64160dbad54b66f03a211ccd49578ee09dd2210a	tools/runtime/vista_playable_home/packaged_entrypoint.py	tools/runtime/vista_playable_home/packaged_entrypoint.py	runtime_orchestration	Apache-2.0
IvesLiu1026/SimWorld-Studio	d80aa78f7681e378a051528ec55b7cfdbe39f64d	6504dc93d1901cbe3983d042f6f86e93da044ace	100644	1ea38905c34f670a8fc8c77fa7f211bc3718f7d6	tools/runtime/vista_playable_home/packaged_profile.py	tools/runtime/vista_playable_home/packaged_profile.py	runtime_orchestration	Apache-2.0
IvesLiu1026/SimWorld-Studio	d80aa78f7681e378a051528ec55b7cfdbe39f64d	d80aa78f7681e378a051528ec55b7cfdbe39f64d	100644	3d5ed41a5263b1058423c6ecc4c7dbd366dae0d6	tools/runtime/vista_playable_home/packaged_smoke.py	tools/runtime/vista_playable_home/packaged_smoke.py	runtime_orchestration	Apache-2.0
IvesLiu1026/SimWorld-Studio	d80aa78f7681e378a051528ec55b7cfdbe39f64d	f1dbee87220284160cc9a58c5b753abcd41e6813	100644	9936408a041fb0384c69285a92a25d233d723798	tools/runtime/vista_playable_home/preflight.py	tools/runtime/vista_playable_home/preflight.py	runtime_orchestration	Apache-2.0
IvesLiu1026/SimWorld-Studio	d80aa78f7681e378a051528ec55b7cfdbe39f64d	498836be7f1836b9ee9bdcb3838dc76db8c04d57	100644	e0ba06daba4785bcade0f2b50707fccfcf6c5641	tools/runtime/vista_playable_home/profile.py	tools/runtime/vista_playable_home/profile.py	runtime_orchestration	Apache-2.0
IvesLiu1026/SimWorld-Studio	d80aa78f7681e378a051528ec55b7cfdbe39f64d	330ada5d0cca437708586823fb8138dbfbb6be9f	100644	bccbb0045422ba71209cbe005c901386c3250ad3	tools/runtime/vista_playable_home/profile_entrypoint.py	tools/runtime/vista_playable_home/profile_entrypoint.py	runtime_orchestration	Apache-2.0
IvesLiu1026/SimWorld-Studio	d80aa78f7681e378a051528ec55b7cfdbe39f64d	d80aa78f7681e378a051528ec55b7cfdbe39f64d	100644	0708365241415c9cb2bf8fcd7bc7bd973783352b	tools/runtime/vista_playable_home/renderer_acceptance.py	tools/runtime/vista_playable_home/renderer_acceptance.py	runtime_orchestration	Apache-2.0
IvesLiu1026/SimWorld-Studio	d80aa78f7681e378a051528ec55b7cfdbe39f64d	498836be7f1836b9ee9bdcb3838dc76db8c04d57	100644	24eadf448936ed4b79fbbebe11f44d76febb2597	tools/runtime/vista_playable_home/runtime.py	tools/runtime/vista_playable_home/runtime.py	runtime_orchestration	Apache-2.0
IvesLiu1026/SimWorld-Studio	d80aa78f7681e378a051528ec55b7cfdbe39f64d	6830011a6f852c22b23141bff42434a3de248a72	100644	fefa9cec9b0d33030d0cf6800b6d1c19c2f65beb	tools/runtime/vista_playable_home/stop.py	tools/runtime/vista_playable_home/stop.py	runtime_orchestration	Apache-2.0
IvesLiu1026/SimWorld-Studio	d80aa78f7681e378a051528ec55b7cfdbe39f64d	3bc0eca393dab511f5b51f0506f22c00598f4e38	100644	8c9f21d3bb6ffa63ff96408341234a075616c321	tools/runtime/vista_playable_home/sunshine_app.py	tools/runtime/vista_playable_home/sunshine_app.py	runtime_orchestration	Apache-2.0
IvesLiu1026/SimWorld-Studio	d80aa78f7681e378a051528ec55b7cfdbe39f64d	feb161c789af4bb7a97b25c52c11972a3322242f	100644	eae852e998b32e62f183dde608b3568ce159a636	tools/tests/test_vista_playable_home_blender.py	tools/tests/test_vista_playable_home_blender.py	offline_parity_test	Apache-2.0
IvesLiu1026/SimWorld-Studio	d80aa78f7681e378a051528ec55b7cfdbe39f64d	218402c64e14970bfc23896d7a1fb64f05b53733	100644	defc354abc95251fb6dd45131984b94c5dd033ba	tools/tests/test_vista_playable_home_build_home.py	tools/tests/test_vista_playable_home_build_home.py	offline_parity_test	Apache-2.0
IvesLiu1026/SimWorld-Studio	d80aa78f7681e378a051528ec55b7cfdbe39f64d	60a99a18d7f8fc71ac50a3c76399662bd1b1d706	100644	a7bfdca88693f8f1ffc82fde8bf37d9ec1ce3926	tools/tests/test_vista_playable_home_hssd.py	tools/tests/test_vista_playable_home_hssd.py	offline_parity_test	Apache-2.0
IvesLiu1026/SimWorld-Studio	d80aa78f7681e378a051528ec55b7cfdbe39f64d	4e6b197f19c79792455f2708e5634fcb707eb3b1	100644	4b3f167c34a1e39999531812dd19879b1b1be02c	tools/tests/test_vista_playable_home_hud.py	tools/tests/test_vista_playable_home_hud.py	offline_parity_test	Apache-2.0
IvesLiu1026/SimWorld-Studio	d80aa78f7681e378a051528ec55b7cfdbe39f64d	218402c64e14970bfc23896d7a1fb64f05b53733	100644	eca49e9699daec17fcd651f10e1f497fc846031c	tools/tests/test_vista_playable_home_import_assets_commandlet.py	tools/tests/test_vista_playable_home_import_assets_commandlet.py	offline_parity_test	Apache-2.0
IvesLiu1026/SimWorld-Studio	d80aa78f7681e378a051528ec55b7cfdbe39f64d	0e1989972a7a1454ec6e05e69b4dbd93903daba2	100644	72167afd683cf3b2e0c5f09080b8e64fdb5a5311	tools/tests/test_vista_playable_home_package_materializer.py	tools/tests/test_vista_playable_home_package_materializer.py	offline_parity_test	Apache-2.0
IvesLiu1026/SimWorld-Studio	d80aa78f7681e378a051528ec55b7cfdbe39f64d	9c33391da8137951bf3e0f3c6c37e67382454d1d	100644	ad4772af6045bfd4648da51a7b9fc7b30c9d75d9	tools/tests/test_vista_playable_home_package_receipt.py	tools/tests/test_vista_playable_home_package_receipt.py	offline_parity_test	Apache-2.0
IvesLiu1026/SimWorld-Studio	d80aa78f7681e378a051528ec55b7cfdbe39f64d	6504dc93d1901cbe3983d042f6f86e93da044ace	100644	1ecc0e5e0e4069ef328613dd290f9137c01cadbb	tools/tests/test_vista_playable_home_packaged_profile.py	tools/tests/test_vista_playable_home_packaged_profile.py	offline_parity_test	Apache-2.0
IvesLiu1026/SimWorld-Studio	d80aa78f7681e378a051528ec55b7cfdbe39f64d	d80aa78f7681e378a051528ec55b7cfdbe39f64d	100644	33aa17dbd6260a23136510826899bfb9af317df1	tools/tests/test_vista_playable_home_packaged_smoke.py	tools/tests/test_vista_playable_home_packaged_smoke.py	offline_parity_test	Apache-2.0
IvesLiu1026/SimWorld-Studio	d80aa78f7681e378a051528ec55b7cfdbe39f64d	330ada5d0cca437708586823fb8138dbfbb6be9f	100644	572646ce6a1dbc326a0caf5c4150a977267161a4	tools/tests/test_vista_playable_home_profile.py	tools/tests/test_vista_playable_home_profile.py	offline_parity_test	Apache-2.0
IvesLiu1026/SimWorld-Studio	d80aa78f7681e378a051528ec55b7cfdbe39f64d	0bad131759ca62dca69eb621b46cbc24cc70293c	100644	11485ba832e046785193971c2ac60358784a973e	tools/tests/test_vista_playable_home_realism_blender.py	tools/tests/test_vista_playable_home_realism_blender.py	offline_parity_test	Apache-2.0
IvesLiu1026/SimWorld-Studio	d80aa78f7681e378a051528ec55b7cfdbe39f64d	6504dc93d1901cbe3983d042f6f86e93da044ace	100644	d75c2336dbd5931a24f8b9d20fa0fbed9a7a7636	tools/tests/test_vista_playable_home_realism_contracts.py	tools/tests/test_vista_playable_home_realism_contracts.py	offline_parity_test	Apache-2.0
IvesLiu1026/SimWorld-Studio	d80aa78f7681e378a051528ec55b7cfdbe39f64d	0bad131759ca62dca69eb621b46cbc24cc70293c	100644	74855ca6061d3893fc49a2b3885279605249e3be	tools/tests/test_vista_playable_home_realism_external_forge.py	tools/tests/test_vista_playable_home_realism_external_forge.py	offline_parity_test	Apache-2.0
IvesLiu1026/SimWorld-Studio	d80aa78f7681e378a051528ec55b7cfdbe39f64d	98fd5e2da6c80ee103713fbcb0daa77a68a4f1b5	100644	cfed2e7102313bbde2c4a0cb52f83c035a4a1749	tools/tests/test_vista_playable_home_realism_glb_alpha_gate.py	tools/tests/test_vista_playable_home_realism_glb_alpha_gate.py	offline_parity_test	Apache-2.0
IvesLiu1026/SimWorld-Studio	d80aa78f7681e378a051528ec55b7cfdbe39f64d	0c3f0823ef3b27599aebefea692222bb37c7d50d	100644	c8caf029fd9b0cfacd2efdd7a3982af785dd979d	tools/tests/test_vista_playable_home_realism_indoor_camera.py	tools/tests/test_vista_playable_home_realism_indoor_camera.py	offline_parity_test	Apache-2.0
IvesLiu1026/SimWorld-Studio	d80aa78f7681e378a051528ec55b7cfdbe39f64d	249b84f91a1a9bec2d078d1afa9cb8e52144959d	100644	074c4bede89148928df7232d84f738942b1a8dc8	tools/tests/test_vista_playable_home_realism_local_assets.py	tools/tests/test_vista_playable_home_realism_local_assets.py	offline_parity_test	Apache-2.0
IvesLiu1026/SimWorld-Studio	d80aa78f7681e378a051528ec55b7cfdbe39f64d	c93416825f51a58c11b6361020e5a2cbbffa1526	100644	1c4335627f76ef260cda3443a316505028ec0fca	tools/tests/test_vista_playable_home_realism_local_assets_cli.py	tools/tests/test_vista_playable_home_realism_local_assets_cli.py	offline_parity_test	Apache-2.0
IvesLiu1026/SimWorld-Studio	d80aa78f7681e378a051528ec55b7cfdbe39f64d	b533fb80590d5aeb0b126a6f79737dfede364575	100644	1fec893468bcc2a655929523d7334bee5a9ad0d0	tools/tests/test_vista_playable_home_realism_poly_haven_acquisition.py	tools/tests/test_vista_playable_home_realism_poly_haven_acquisition.py	offline_parity_test	Apache-2.0
IvesLiu1026/SimWorld-Studio	d80aa78f7681e378a051528ec55b7cfdbe39f64d	d80aa78f7681e378a051528ec55b7cfdbe39f64d	100644	0513e7a0abd29659f93090c0590398dfc5a89b2a	tools/tests/test_vista_playable_home_realism_presentation_import.py	tools/tests/test_vista_playable_home_realism_presentation_import.py	offline_parity_test	Apache-2.0
IvesLiu1026/SimWorld-Studio	d80aa78f7681e378a051528ec55b7cfdbe39f64d	eacb4e54a9b90e13c8302e11dae02db2038a5cb5	100644	4520b12b1d14ee63dcbad2da16b00a00cfd079b0	tools/tests/test_vista_playable_home_realism_profile_acquisition_binding.py	tools/tests/test_vista_playable_home_realism_profile_acquisition_binding.py	offline_parity_test	Apache-2.0
IvesLiu1026/SimWorld-Studio	d80aa78f7681e378a051528ec55b7cfdbe39f64d	98fd5e2da6c80ee103713fbcb0daa77a68a4f1b5	100644	452155b4a7ec5f520dc747c2364d20f15847330a	tools/tests/test_vista_playable_home_realism_retained_gate.py	tools/tests/test_vista_playable_home_realism_retained_gate.py	offline_parity_test	Apache-2.0
IvesLiu1026/SimWorld-Studio	d80aa78f7681e378a051528ec55b7cfdbe39f64d	9ef0f7a0b8f305a8eba335b434af6d20e047de68	100644	fb3f0791f77df4c06b665b5cbfbf2038334e1a04	tools/tests/test_vista_playable_home_realism_sources.py	tools/tests/test_vista_playable_home_realism_sources.py	offline_parity_test	Apache-2.0
IvesLiu1026/SimWorld-Studio	d80aa78f7681e378a051528ec55b7cfdbe39f64d	691ea88b5d54e11c71570abded09b836f86ad541	100644	c6a6eb8463b196b2e7d2f2119324e5395342d3e4	tools/tests/test_vista_playable_home_realism_ue_bundles.py	tools/tests/test_vista_playable_home_realism_ue_bundles.py	offline_parity_test	Apache-2.0
IvesLiu1026/SimWorld-Studio	d80aa78f7681e378a051528ec55b7cfdbe39f64d	31e26321eab4e030f39a93df55cfd895016ebb4b	100644	00c0d4c9570a49a332660bb311f9e2408fa4ffe6	tools/tests/test_vista_playable_home_realism_unreal.py	tools/tests/test_vista_playable_home_realism_unreal.py	offline_parity_test	Apache-2.0
IvesLiu1026/SimWorld-Studio	d80aa78f7681e378a051528ec55b7cfdbe39f64d	d80aa78f7681e378a051528ec55b7cfdbe39f64d	100644	0d72f74b2dbcc24192c6cf43365ca28355672369	tools/tests/test_vista_playable_home_renderer_acceptance.py	tools/tests/test_vista_playable_home_renderer_acceptance.py	offline_parity_test	Apache-2.0
IvesLiu1026/SimWorld-Studio	d80aa78f7681e378a051528ec55b7cfdbe39f64d	44410edeeccd95bd1a2ce7ab35904d7c34bb9416	100644	f099a84b3967bf99b51b9c13af50f54325fc1aa2	tools/tests/test_vista_playable_home_review_capture.py	tools/tests/test_vista_playable_home_review_capture.py	offline_parity_test	Apache-2.0
IvesLiu1026/SimWorld-Studio	d80aa78f7681e378a051528ec55b7cfdbe39f64d	9c33391da8137951bf3e0f3c6c37e67382454d1d	100644	181f2cbd21822e7e32dcc3d3b2a689d39d5e2e4d	tools/tests/test_vista_playable_home_runtime.py	tools/tests/test_vista_playable_home_runtime.py	offline_parity_test	Apache-2.0
IvesLiu1026/SimWorld-Studio	d80aa78f7681e378a051528ec55b7cfdbe39f64d	498836be7f1836b9ee9bdcb3838dc76db8c04d57	100644	02a7c320097111c4145687f9619cceb65bc35b59	tools/tests/test_vista_playable_home_runtime_acceptance.py	tools/tests/test_vista_playable_home_runtime_acceptance.py	offline_parity_test	Apache-2.0
IvesLiu1026/SimWorld-Studio	d80aa78f7681e378a051528ec55b7cfdbe39f64d	218402c64e14970bfc23896d7a1fb64f05b53733	100644	4f9d0c1cc46f619eac40f5e72256653910aa9f43	tools/tests/test_vista_playable_home_unreal.py	tools/tests/test_vista_playable_home_unreal.py	offline_parity_test	Apache-2.0
IvesLiu1026/SimWorld-Studio	d80aa78f7681e378a051528ec55b7cfdbe39f64d	218402c64e14970bfc23896d7a1fb64f05b53733	100644	80a1afa56518590d852c2493c6e54ec54821e227	tools/tests/test_vista_playable_home_verify_imported_nanite_commandlet.py	tools/tests/test_vista_playable_home_verify_imported_nanite_commandlet.py	offline_parity_test	Apache-2.0
IvesLiu1026/SimWorld-Studio	d80aa78f7681e378a051528ec55b7cfdbe39f64d	0e1989972a7a1454ec6e05e69b4dbd93903daba2	100644	009723570c8417417d900cbd2a4b377eebdeeac2	tools/ue/vista_playable_home/README.md	tools/ue/vista_playable_home/README.md	ue_pipeline	Apache-2.0
IvesLiu1026/SimWorld-Studio	d80aa78f7681e378a051528ec55b7cfdbe39f64d	46622f020d2b7938d78848ee8f7ab86245ff2ef7	100644	476803885d6510fcdb0c20816779b3285951af0f	tools/ue/vista_playable_home/__init__.py	tools/ue/vista_playable_home/__init__.py	ue_pipeline	Apache-2.0
IvesLiu1026/SimWorld-Studio	d80aa78f7681e378a051528ec55b7cfdbe39f64d	218402c64e14970bfc23896d7a1fb64f05b53733	100644	ab0e2f6b168ddf4a7d0a28b970385270551d9d56	tools/ue/vista_playable_home/build_home.py	tools/ue/vista_playable_home/build_home.py	ue_pipeline	Apache-2.0
IvesLiu1026/SimWorld-Studio	d80aa78f7681e378a051528ec55b7cfdbe39f64d	44410edeeccd95bd1a2ce7ab35904d7c34bb9416	100644	dcb36a0d0e3b774035bf403e59535e45b82a9660	tools/ue/vista_playable_home/capture_review_views.py	tools/ue/vista_playable_home/capture_review_views.py	ue_pipeline	Apache-2.0
IvesLiu1026/SimWorld-Studio	d80aa78f7681e378a051528ec55b7cfdbe39f64d	a7931a199976c5cbd4d0e72a70486f20dc1a8720	100644	b7fcc0200d14d5d3199de97eddefaebf657bd890	tools/ue/vista_playable_home/commandlet_common.py	tools/ue/vista_playable_home/commandlet_common.py	ue_pipeline	Apache-2.0
IvesLiu1026/SimWorld-Studio	d80aa78f7681e378a051528ec55b7cfdbe39f64d	31e26321eab4e030f39a93df55cfd895016ebb4b	100644	4c2af8d02cb3b9c241a0a2143622dee1161bae88	tools/ue/vista_playable_home/compose_home_commandlet.py	tools/ue/vista_playable_home/compose_home_commandlet.py	ue_pipeline	Apache-2.0
IvesLiu1026/SimWorld-Studio	d80aa78f7681e378a051528ec55b7cfdbe39f64d	d80aa78f7681e378a051528ec55b7cfdbe39f64d	100644	7d3491270fe1b153f4630069da7e2a6ab3b1671f	tools/ue/vista_playable_home/compose_presentation_commandlet.py	tools/ue/vista_playable_home/compose_presentation_commandlet.py	ue_pipeline	Apache-2.0
IvesLiu1026/SimWorld-Studio	d80aa78f7681e378a051528ec55b7cfdbe39f64d	6504dc93d1901cbe3983d042f6f86e93da044ace	100644	45825fe1e4338e3da2cfd9ce1707d30d153a04ef	tools/ue/vista_playable_home/contract.py	tools/ue/vista_playable_home/contract.py	ue_pipeline	Apache-2.0
IvesLiu1026/SimWorld-Studio	d80aa78f7681e378a051528ec55b7cfdbe39f64d	218402c64e14970bfc23896d7a1fb64f05b53733	100644	c1a1bca773ebee7b759b881c1e692519537e53a3	tools/ue/vista_playable_home/import_assets_commandlet.py	tools/ue/vista_playable_home/import_assets_commandlet.py	ue_pipeline	Apache-2.0
IvesLiu1026/SimWorld-Studio	d80aa78f7681e378a051528ec55b7cfdbe39f64d	a6ac859e44ad0b773ece0cf27bc0912572054258	100644	517050c2b4dd40ccbdbc1c36b9ae34c429ed7a32	tools/ue/vista_playable_home/import_presentation_commandlet.py	tools/ue/vista_playable_home/import_presentation_commandlet.py	ue_pipeline	Apache-2.0
IvesLiu1026/SimWorld-Studio	d80aa78f7681e378a051528ec55b7cfdbe39f64d	0e1989972a7a1454ec6e05e69b4dbd93903daba2	100644	24fa6cec310e304d03500f4cd2e59090a1ce9836	tools/ue/vista_playable_home/materialize_package_project.py	tools/ue/vista_playable_home/materialize_package_project.py	ue_pipeline	Apache-2.0
IvesLiu1026/SimWorld-Studio	d80aa78f7681e378a051528ec55b7cfdbe39f64d	6504dc93d1901cbe3983d042f6f86e93da044ace	100644	5e66dc5293f0ef26c9797f09d049b8aa5715d5b0	tools/ue/vista_playable_home/package_receipt.py	tools/ue/vista_playable_home/package_receipt.py	ue_pipeline	Apache-2.0
IvesLiu1026/SimWorld-Studio	d80aa78f7681e378a051528ec55b7cfdbe39f64d	2bfb5554fb8e551ae0233dd0a3cf0e561a5350b7	100644	5569f53b86b04d71827a88930ed0d26e636ac3d5	tools/ue/vista_playable_home/planning.py	tools/ue/vista_playable_home/planning.py	ue_pipeline	Apache-2.0
IvesLiu1026/SimWorld-Studio	d80aa78f7681e378a051528ec55b7cfdbe39f64d	8ebba20fceb6bf6b944643006f48e8eccd674480	100644	5781093b6e8fc62f48e464dfc0c7115aea62595e	tools/ue/vista_playable_home/presentation_commandlet_common.py	tools/ue/vista_playable_home/presentation_commandlet_common.py	ue_pipeline	Apache-2.0
IvesLiu1026/SimWorld-Studio	d80aa78f7681e378a051528ec55b7cfdbe39f64d	218402c64e14970bfc23896d7a1fb64f05b53733	100644	e0193b333412b39ac654790422cb5624d4c92848	tools/ue/vista_playable_home/verify_imported_nanite_commandlet.py	tools/ue/vista_playable_home/verify_imported_nanite_commandlet.py	ue_pipeline	Apache-2.0
IvesLiu1026/SimWorld-Studio	d80aa78f7681e378a051528ec55b7cfdbe39f64d	46622f020d2b7938d78848ee8f7ab86245ff2ef7	100644	379186281e011089912f01b02ccffb3d1e9623c6	unreal_plugins/VistaPlayableHome/Config/DefaultVistaPlayableHome.ini	unreal_plugins/VistaPlayableHome/Config/DefaultVistaPlayableHome.ini	runtime_plugin	Apache-2.0
IvesLiu1026/SimWorld-Studio	d80aa78f7681e378a051528ec55b7cfdbe39f64d	46622f020d2b7938d78848ee8f7ab86245ff2ef7	100644	877871c27996f54e4f6d9c45fa6f51f634269f1a	unreal_plugins/VistaPlayableHome/Config/FilterPlugin.ini	unreal_plugins/VistaPlayableHome/Config/FilterPlugin.ini	runtime_plugin	Apache-2.0
IvesLiu1026/SimWorld-Studio	d80aa78f7681e378a051528ec55b7cfdbe39f64d	4e6b197f19c79792455f2708e5634fcb707eb3b1	100644	f9070ad09eddc2648731d92a88a60c1573076adb	unreal_plugins/VistaPlayableHome/README.md	unreal_plugins/VistaPlayableHome/README.md	runtime_plugin	Apache-2.0
IvesLiu1026/SimWorld-Studio	d80aa78f7681e378a051528ec55b7cfdbe39f64d	46622f020d2b7938d78848ee8f7ab86245ff2ef7	100644	22052478bdfa8d3b607961288d5279ed48c1f556	unreal_plugins/VistaPlayableHome/Source/VistaPlayableHome/Private/VistaContainerActor.cpp	unreal_plugins/VistaPlayableHome/Source/VistaPlayableHome/Private/VistaContainerActor.cpp	runtime_plugin	Apache-2.0
IvesLiu1026/SimWorld-Studio	d80aa78f7681e378a051528ec55b7cfdbe39f64d	ab70301f932a288aed22f189f3f6c33376e46e48	100644	216bc77b283a334b5d3948ab0bac0d1d771a389f	unreal_plugins/VistaPlayableHome/Source/VistaPlayableHome/Private/VistaDoorActor.cpp	unreal_plugins/VistaPlayableHome/Source/VistaPlayableHome/Private/VistaDoorActor.cpp	runtime_plugin	Apache-2.0
IvesLiu1026/SimWorld-Studio	d80aa78f7681e378a051528ec55b7cfdbe39f64d	46622f020d2b7938d78848ee8f7ab86245ff2ef7	100644	07b8e386ec72fe8771b79c4181b70f5ecf8dc4a0	unreal_plugins/VistaPlayableHome/Source/VistaPlayableHome/Private/VistaEventDefinitionActor.cpp	unreal_plugins/VistaPlayableHome/Source/VistaPlayableHome/Private/VistaEventDefinitionActor.cpp	runtime_plugin	Apache-2.0
IvesLiu1026/SimWorld-Studio	d80aa78f7681e378a051528ec55b7cfdbe39f64d	46622f020d2b7938d78848ee8f7ab86245ff2ef7	100644	3b9eaf396bb93da98004f084f29fa25ced3c9585	unreal_plugins/VistaPlayableHome/Source/VistaPlayableHome/Private/VistaEventSubsystem.cpp	unreal_plugins/VistaPlayableHome/Source/VistaPlayableHome/Private/VistaEventSubsystem.cpp	runtime_plugin	Apache-2.0
IvesLiu1026/SimWorld-Studio	d80aa78f7681e378a051528ec55b7cfdbe39f64d	1321cc59feb54a04d41306e3ab7139bff812b84f	100644	a02781519198de98acdc9073c6217626f9014185	unreal_plugins/VistaPlayableHome/Source/VistaPlayableHome/Private/VistaHomeNpcCharacter.cpp	unreal_plugins/VistaPlayableHome/Source/VistaPlayableHome/Private/VistaHomeNpcCharacter.cpp	runtime_plugin	Apache-2.0
IvesLiu1026/SimWorld-Studio	d80aa78f7681e378a051528ec55b7cfdbe39f64d	46622f020d2b7938d78848ee8f7ab86245ff2ef7	100644	a415eb445ccacd649f9c9ac8fdd20fc57e5217db	unreal_plugins/VistaPlayableHome/Source/VistaPlayableHome/Private/VistaHomeNpcController.cpp	unreal_plugins/VistaPlayableHome/Source/VistaPlayableHome/Private/VistaHomeNpcController.cpp	runtime_plugin	Apache-2.0
IvesLiu1026/SimWorld-Studio	d80aa78f7681e378a051528ec55b7cfdbe39f64d	0c3f0823ef3b27599aebefea692222bb37c7d50d	100644	8d91aa0dec7165867bc50d5751f92fbdb7e2dd2a	unreal_plugins/VistaPlayableHome/Source/VistaPlayableHome/Private/VistaIndoorSpringArmComponent.cpp	unreal_plugins/VistaPlayableHome/Source/VistaPlayableHome/Private/VistaIndoorSpringArmComponent.cpp	runtime_plugin	Apache-2.0
IvesLiu1026/SimWorld-Studio	d80aa78f7681e378a051528ec55b7cfdbe39f64d	46622f020d2b7938d78848ee8f7ab86245ff2ef7	100644	d09765d6c3a717c34591e8a07e5738ca35b7fe67	unreal_plugins/VistaPlayableHome/Source/VistaPlayableHome/Private/VistaInteractionComponent.cpp	unreal_plugins/VistaPlayableHome/Source/VistaPlayableHome/Private/VistaInteractionComponent.cpp	runtime_plugin	Apache-2.0
IvesLiu1026/SimWorld-Studio	d80aa78f7681e378a051528ec55b7cfdbe39f64d	56593f10fd73bdece939f88ef40b8e2c9489314a	100644	45c2bdd4b561faf8868e2e858ba545bd06bb0d43	unreal_plugins/VistaPlayableHome/Source/VistaPlayableHome/Private/VistaPickupActor.cpp	unreal_plugins/VistaPlayableHome/Source/VistaPlayableHome/Private/VistaPickupActor.cpp	runtime_plugin	Apache-2.0
IvesLiu1026/SimWorld-Studio	d80aa78f7681e378a051528ec55b7cfdbe39f64d	1321cc59feb54a04d41306e3ab7139bff812b84f	100644	ac9bfe098b287e8cb225a4d03f8e9f36d4b4ebfc	unreal_plugins/VistaPlayableHome/Source/VistaPlayableHome/Private/VistaPlayableHomeCharacter.cpp	unreal_plugins/VistaPlayableHome/Source/VistaPlayableHome/Private/VistaPlayableHomeCharacter.cpp	runtime_plugin	Apache-2.0
IvesLiu1026/SimWorld-Studio	d80aa78f7681e378a051528ec55b7cfdbe39f64d	46622f020d2b7938d78848ee8f7ab86245ff2ef7	100644	327766ab95858c0388fe59c2f89f27622a6cae6d	unreal_plugins/VistaPlayableHome/Source/VistaPlayableHome/Private/VistaPlayableHomeGameMode.cpp	unreal_plugins/VistaPlayableHome/Source/VistaPlayableHome/Private/VistaPlayableHomeGameMode.cpp	runtime_plugin	Apache-2.0
IvesLiu1026/SimWorld-Studio	d80aa78f7681e378a051528ec55b7cfdbe39f64d	4e6b197f19c79792455f2708e5634fcb707eb3b1	100644	9d6bb39957fe542d2e81cdba7a6e38dbbbf8a2cb	unreal_plugins/VistaPlayableHome/Source/VistaPlayableHome/Private/VistaPlayableHomeHUD.cpp	unreal_plugins/VistaPlayableHome/Source/VistaPlayableHome/Private/VistaPlayableHomeHUD.cpp	runtime_plugin	Apache-2.0
IvesLiu1026/SimWorld-Studio	d80aa78f7681e378a051528ec55b7cfdbe39f64d	46622f020d2b7938d78848ee8f7ab86245ff2ef7	100644	be3aa050a89e607eccab5581f7c1e9de08ac4110	unreal_plugins/VistaPlayableHome/Source/VistaPlayableHome/Private/VistaPlayableHomeModule.cpp	unreal_plugins/VistaPlayableHome/Source/VistaPlayableHome/Private/VistaPlayableHomeModule.cpp	runtime_plugin	Apache-2.0
IvesLiu1026/SimWorld-Studio	d80aa78f7681e378a051528ec55b7cfdbe39f64d	6504dc93d1901cbe3983d042f6f86e93da044ace	100644	e2d1cbbab4d43f975ab11f2ce2f638a614d2aad3	unreal_plugins/VistaPlayableHome/Source/VistaPlayableHome/Private/VistaPlayableHomeRuntimeSubsystem.cpp	unreal_plugins/VistaPlayableHome/Source/VistaPlayableHome/Private/VistaPlayableHomeRuntimeSubsystem.cpp	runtime_plugin	Apache-2.0
IvesLiu1026/SimWorld-Studio	d80aa78f7681e378a051528ec55b7cfdbe39f64d	46622f020d2b7938d78848ee8f7ab86245ff2ef7	100644	c4da5b3ce0e759e277218f5db33af5d34160f4f4	unreal_plugins/VistaPlayableHome/Source/VistaPlayableHome/Private/VistaPlayableHomeTypes.cpp	unreal_plugins/VistaPlayableHome/Source/VistaPlayableHome/Private/VistaPlayableHomeTypes.cpp	runtime_plugin	Apache-2.0
IvesLiu1026/SimWorld-Studio	d80aa78f7681e378a051528ec55b7cfdbe39f64d	46622f020d2b7938d78848ee8f7ab86245ff2ef7	100644	2ca3bf6a42e18644a82349b9db9b7d5e9614065c	unreal_plugins/VistaPlayableHome/Source/VistaPlayableHome/Private/VistaSemanticActor.cpp	unreal_plugins/VistaPlayableHome/Source/VistaPlayableHome/Private/VistaSemanticActor.cpp	runtime_plugin	Apache-2.0
IvesLiu1026/SimWorld-Studio	d80aa78f7681e378a051528ec55b7cfdbe39f64d	46622f020d2b7938d78848ee8f7ab86245ff2ef7	100644	667c2b8c25d92d86124c0150c6fa28c72d624136	unreal_plugins/VistaPlayableHome/Source/VistaPlayableHome/Private/VistaSemanticPropActor.cpp	unreal_plugins/VistaPlayableHome/Source/VistaPlayableHome/Private/VistaSemanticPropActor.cpp	runtime_plugin	Apache-2.0
IvesLiu1026/SimWorld-Studio	d80aa78f7681e378a051528ec55b7cfdbe39f64d	46622f020d2b7938d78848ee8f7ab86245ff2ef7	100644	a3678cf14bd201dcee72f17f3e2137e23b56ca31	unreal_plugins/VistaPlayableHome/Source/VistaPlayableHome/Private/VistaStatefulApplianceActor.cpp	unreal_plugins/VistaPlayableHome/Source/VistaPlayableHome/Private/VistaStatefulApplianceActor.cpp	runtime_plugin	Apache-2.0
IvesLiu1026/SimWorld-Studio	d80aa78f7681e378a051528ec55b7cfdbe39f64d	6504dc93d1901cbe3983d042f6f86e93da044ace	100644	9ed29d68edfffe204c546f3f3de0c8fd5c096b14	unreal_plugins/VistaPlayableHome/Source/VistaPlayableHome/Private/VistaWorldTcpAdapter.cpp	unreal_plugins/VistaPlayableHome/Source/VistaPlayableHome/Private/VistaWorldTcpAdapter.cpp	runtime_plugin	Apache-2.0
IvesLiu1026/SimWorld-Studio	d80aa78f7681e378a051528ec55b7cfdbe39f64d	46622f020d2b7938d78848ee8f7ab86245ff2ef7	100644	e563464c51a2d68b2f553561be601c91262a2051	unreal_plugins/VistaPlayableHome/Source/VistaPlayableHome/Private/VistaWorldTcpAdapter.h	unreal_plugins/VistaPlayableHome/Source/VistaPlayableHome/Private/VistaWorldTcpAdapter.h	runtime_plugin	Apache-2.0
IvesLiu1026/SimWorld-Studio	d80aa78f7681e378a051528ec55b7cfdbe39f64d	46622f020d2b7938d78848ee8f7ab86245ff2ef7	100644	e13cb7a2c854a98069896ed9580016513a286613	unreal_plugins/VistaPlayableHome/Source/VistaPlayableHome/Public/VistaContainerActor.h	unreal_plugins/VistaPlayableHome/Source/VistaPlayableHome/Public/VistaContainerActor.h	runtime_plugin	Apache-2.0
IvesLiu1026/SimWorld-Studio	d80aa78f7681e378a051528ec55b7cfdbe39f64d	ab70301f932a288aed22f189f3f6c33376e46e48	100644	67bc1e231a7613d544043dbd01640c35cee66b0a	unreal_plugins/VistaPlayableHome/Source/VistaPlayableHome/Public/VistaDoorActor.h	unreal_plugins/VistaPlayableHome/Source/VistaPlayableHome/Public/VistaDoorActor.h	runtime_plugin	Apache-2.0
IvesLiu1026/SimWorld-Studio	d80aa78f7681e378a051528ec55b7cfdbe39f64d	46622f020d2b7938d78848ee8f7ab86245ff2ef7	100644	ca6a4f1a8c0d8cb3f8fde199e5e98e2a7d023d4d	unreal_plugins/VistaPlayableHome/Source/VistaPlayableHome/Public/VistaEventDefinitionActor.h	unreal_plugins/VistaPlayableHome/Source/VistaPlayableHome/Public/VistaEventDefinitionActor.h	runtime_plugin	Apache-2.0
IvesLiu1026/SimWorld-Studio	d80aa78f7681e378a051528ec55b7cfdbe39f64d	46622f020d2b7938d78848ee8f7ab86245ff2ef7	100644	f23fbb24b7cfeb001999cf8c373c8ec7ed0c9709	unreal_plugins/VistaPlayableHome/Source/VistaPlayableHome/Public/VistaEventSubsystem.h	unreal_plugins/VistaPlayableHome/Source/VistaPlayableHome/Public/VistaEventSubsystem.h	runtime_plugin	Apache-2.0
IvesLiu1026/SimWorld-Studio	d80aa78f7681e378a051528ec55b7cfdbe39f64d	46622f020d2b7938d78848ee8f7ab86245ff2ef7	100644	87e1b53f6734e7acc652b4f5aa395e7362496029	unreal_plugins/VistaPlayableHome/Source/VistaPlayableHome/Public/VistaHomeNpcCharacter.h	unreal_plugins/VistaPlayableHome/Source/VistaPlayableHome/Public/VistaHomeNpcCharacter.h	runtime_plugin	Apache-2.0
IvesLiu1026/SimWorld-Studio	d80aa78f7681e378a051528ec55b7cfdbe39f64d	46622f020d2b7938d78848ee8f7ab86245ff2ef7	100644	07233b4663f1c0779c0e4a495295cd0e29af8c7f	unreal_plugins/VistaPlayableHome/Source/VistaPlayableHome/Public/VistaHomeNpcController.h	unreal_plugins/VistaPlayableHome/Source/VistaPlayableHome/Public/VistaHomeNpcController.h	runtime_plugin	Apache-2.0
IvesLiu1026/SimWorld-Studio	d80aa78f7681e378a051528ec55b7cfdbe39f64d	0c3f0823ef3b27599aebefea692222bb37c7d50d	100644	2d09517f1efe6ff974f18c1dec116a0f62a152d2	unreal_plugins/VistaPlayableHome/Source/VistaPlayableHome/Public/VistaIndoorSpringArmComponent.h	unreal_plugins/VistaPlayableHome/Source/VistaPlayableHome/Public/VistaIndoorSpringArmComponent.h	runtime_plugin	Apache-2.0
IvesLiu1026/SimWorld-Studio	d80aa78f7681e378a051528ec55b7cfdbe39f64d	46622f020d2b7938d78848ee8f7ab86245ff2ef7	100644	8d0e2eda83bcbd020bb5601d15b6f3f2997a8bd6	unreal_plugins/VistaPlayableHome/Source/VistaPlayableHome/Public/VistaInteractable.h	unreal_plugins/VistaPlayableHome/Source/VistaPlayableHome/Public/VistaInteractable.h	runtime_plugin	Apache-2.0
IvesLiu1026/SimWorld-Studio	d80aa78f7681e378a051528ec55b7cfdbe39f64d	46622f020d2b7938d78848ee8f7ab86245ff2ef7	100644	aa0a8b8ed132b1ad83e1d98c19dcd43b1c01d861	unreal_plugins/VistaPlayableHome/Source/VistaPlayableHome/Public/VistaInteractionComponent.h	unreal_plugins/VistaPlayableHome/Source/VistaPlayableHome/Public/VistaInteractionComponent.h	runtime_plugin	Apache-2.0
IvesLiu1026/SimWorld-Studio	d80aa78f7681e378a051528ec55b7cfdbe39f64d	46622f020d2b7938d78848ee8f7ab86245ff2ef7	100644	0dd9a36b90f8befe0d6e3aa245ae026ac2a93e2c	unreal_plugins/VistaPlayableHome/Source/VistaPlayableHome/Public/VistaItemCarrier.h	unreal_plugins/VistaPlayableHome/Source/VistaPlayableHome/Public/VistaItemCarrier.h	runtime_plugin	Apache-2.0
IvesLiu1026/SimWorld-Studio	d80aa78f7681e378a051528ec55b7cfdbe39f64d	56593f10fd73bdece939f88ef40b8e2c9489314a	100644	f6a43b9408ad983d8462c39ee1bf7ca92914a65f	unreal_plugins/VistaPlayableHome/Source/VistaPlayableHome/Public/VistaPickupActor.h	unreal_plugins/VistaPlayableHome/Source/VistaPlayableHome/Public/VistaPickupActor.h	runtime_plugin	Apache-2.0
IvesLiu1026/SimWorld-Studio	d80aa78f7681e378a051528ec55b7cfdbe39f64d	4e6b197f19c79792455f2708e5634fcb707eb3b1	100644	0531faf5ce839dd0d2e266b671400efa31ce775f	unreal_plugins/VistaPlayableHome/Source/VistaPlayableHome/Public/VistaPlayableHomeCharacter.h	unreal_plugins/VistaPlayableHome/Source/VistaPlayableHome/Public/VistaPlayableHomeCharacter.h	runtime_plugin	Apache-2.0
IvesLiu1026/SimWorld-Studio	d80aa78f7681e378a051528ec55b7cfdbe39f64d	46622f020d2b7938d78848ee8f7ab86245ff2ef7	100644	66f85918090e051284433bbbac78dcbe2097bd52	unreal_plugins/VistaPlayableHome/Source/VistaPlayableHome/Public/VistaPlayableHomeGameMode.h	unreal_plugins/VistaPlayableHome/Source/VistaPlayableHome/Public/VistaPlayableHomeGameMode.h	runtime_plugin	Apache-2.0
IvesLiu1026/SimWorld-Studio	d80aa78f7681e378a051528ec55b7cfdbe39f64d	46622f020d2b7938d78848ee8f7ab86245ff2ef7	100644	3a5d4b7c99bf15859f23d27c7299f132e8b5c1d4	unreal_plugins/VistaPlayableHome/Source/VistaPlayableHome/Public/VistaPlayableHomeHUD.h	unreal_plugins/VistaPlayableHome/Source/VistaPlayableHome/Public/VistaPlayableHomeHUD.h	runtime_plugin	Apache-2.0
IvesLiu1026/SimWorld-Studio	d80aa78f7681e378a051528ec55b7cfdbe39f64d	46622f020d2b7938d78848ee8f7ab86245ff2ef7	100644	f6aa2f55a08d5d4b71eb5656a711e406d5911f6e	unreal_plugins/VistaPlayableHome/Source/VistaPlayableHome/Public/VistaPlayableHomeModule.h	unreal_plugins/VistaPlayableHome/Source/VistaPlayableHome/Public/VistaPlayableHomeModule.h	runtime_plugin	Apache-2.0
IvesLiu1026/SimWorld-Studio	d80aa78f7681e378a051528ec55b7cfdbe39f64d	6504dc93d1901cbe3983d042f6f86e93da044ace	100644	50e623ce83f85bed6877195fd2f1f0587c509358	unreal_plugins/VistaPlayableHome/Source/VistaPlayableHome/Public/VistaPlayableHomeRuntimeSubsystem.h	unreal_plugins/VistaPlayableHome/Source/VistaPlayableHome/Public/VistaPlayableHomeRuntimeSubsystem.h	runtime_plugin	Apache-2.0
IvesLiu1026/SimWorld-Studio	d80aa78f7681e378a051528ec55b7cfdbe39f64d	46622f020d2b7938d78848ee8f7ab86245ff2ef7	100644	066d164e3b08ca1609ccf48f64625a8ab61aa467	unreal_plugins/VistaPlayableHome/Source/VistaPlayableHome/Public/VistaPlayableHomeTypes.h	unreal_plugins/VistaPlayableHome/Source/VistaPlayableHome/Public/VistaPlayableHomeTypes.h	runtime_plugin	Apache-2.0
IvesLiu1026/SimWorld-Studio	d80aa78f7681e378a051528ec55b7cfdbe39f64d	46622f020d2b7938d78848ee8f7ab86245ff2ef7	100644	552a7a5566a789f5a7b60cd544f5cd659f47fb1e	unreal_plugins/VistaPlayableHome/Source/VistaPlayableHome/Public/VistaSemanticActor.h	unreal_plugins/VistaPlayableHome/Source/VistaPlayableHome/Public/VistaSemanticActor.h	runtime_plugin	Apache-2.0
IvesLiu1026/SimWorld-Studio	d80aa78f7681e378a051528ec55b7cfdbe39f64d	46622f020d2b7938d78848ee8f7ab86245ff2ef7	100644	26eebd0b510058e563b04a81b50a400c0dbd7eef	unreal_plugins/VistaPlayableHome/Source/VistaPlayableHome/Public/VistaSemanticPropActor.h	unreal_plugins/VistaPlayableHome/Source/VistaPlayableHome/Public/VistaSemanticPropActor.h	runtime_plugin	Apache-2.0
IvesLiu1026/SimWorld-Studio	d80aa78f7681e378a051528ec55b7cfdbe39f64d	46622f020d2b7938d78848ee8f7ab86245ff2ef7	100644	31d0d780d544a7e0398eb20070c711cd8b1295a8	unreal_plugins/VistaPlayableHome/Source/VistaPlayableHome/Public/VistaStatefulApplianceActor.h	unreal_plugins/VistaPlayableHome/Source/VistaPlayableHome/Public/VistaStatefulApplianceActor.h	runtime_plugin	Apache-2.0
IvesLiu1026/SimWorld-Studio	d80aa78f7681e378a051528ec55b7cfdbe39f64d	6504dc93d1901cbe3983d042f6f86e93da044ace	100644	b231588ca869c2e5860dbe08c2675057762a825d	unreal_plugins/VistaPlayableHome/Source/VistaPlayableHome/VistaPlayableHome.Build.cs	unreal_plugins/VistaPlayableHome/Source/VistaPlayableHome/VistaPlayableHome.Build.cs	runtime_plugin	Apache-2.0
IvesLiu1026/SimWorld-Studio	d80aa78f7681e378a051528ec55b7cfdbe39f64d	218402c64e14970bfc23896d7a1fb64f05b53733	100644	6ad1d435575d31ed66f424bff522bfbdcf31deca	unreal_plugins/VistaPlayableHome/Source/VistaPlayableHomeEditor/Private/VistaPlayableHomeEditorModule.cpp	unreal_plugins/VistaPlayableHome/Source/VistaPlayableHomeEditor/Private/VistaPlayableHomeEditorModule.cpp	runtime_plugin	Apache-2.0
IvesLiu1026/SimWorld-Studio	d80aa78f7681e378a051528ec55b7cfdbe39f64d	218402c64e14970bfc23896d7a1fb64f05b53733	100644	11ed21f3fb46c8a67247d376f6f80b624a86d77d	unreal_plugins/VistaPlayableHome/Source/VistaPlayableHomeEditor/Private/VistaPlayableHomeNaniteLibrary.cpp	unreal_plugins/VistaPlayableHome/Source/VistaPlayableHomeEditor/Private/VistaPlayableHomeNaniteLibrary.cpp	runtime_plugin	Apache-2.0
IvesLiu1026/SimWorld-Studio	d80aa78f7681e378a051528ec55b7cfdbe39f64d	218402c64e14970bfc23896d7a1fb64f05b53733	100644	5c8c9d8b9eab6460206d897bc78f07f07cdbb145	unreal_plugins/VistaPlayableHome/Source/VistaPlayableHomeEditor/Public/VistaPlayableHomeNaniteLibrary.h	unreal_plugins/VistaPlayableHome/Source/VistaPlayableHomeEditor/Public/VistaPlayableHomeNaniteLibrary.h	runtime_plugin	Apache-2.0
IvesLiu1026/SimWorld-Studio	d80aa78f7681e378a051528ec55b7cfdbe39f64d	218402c64e14970bfc23896d7a1fb64f05b53733	100644	403586297ba02456255aff801f783e082895841f	unreal_plugins/VistaPlayableHome/Source/VistaPlayableHomeEditor/VistaPlayableHomeEditor.Build.cs	unreal_plugins/VistaPlayableHome/Source/VistaPlayableHomeEditor/VistaPlayableHomeEditor.Build.cs	runtime_plugin	Apache-2.0
IvesLiu1026/SimWorld-Studio	d80aa78f7681e378a051528ec55b7cfdbe39f64d	218402c64e14970bfc23896d7a1fb64f05b53733	100644	be6e264e96715a28171be3b45749aa732927852d	unreal_plugins/VistaPlayableHome/VistaPlayableHome.uplugin	unreal_plugins/VistaPlayableHome/VistaPlayableHome.uplugin	runtime_plugin	Apache-2.0
IvesLiu1026/SimWorld-Studio	d80aa78f7681e378a051528ec55b7cfdbe39f64d	6504dc93d1901cbe3983d042f6f86e93da044ace	100644	1e6df36b0d17dcb59a75033524126886842bbe1f	world_packs/schemas/vista-playable-home-visual-profile-v1.schema.json	world_packs/schemas/vista-playable-home-visual-profile-v1.schema.json	contract_schema	Apache-2.0
IvesLiu1026/SimWorld-Studio	d80aa78f7681e378a051528ec55b7cfdbe39f64d	516c888be6d4aeaba1346dcbc4fc36f05891f655	100644	cb239c548ce871feeb497d334030be8846932fdf	world_packs/vista_playable_home_r1/visual_profiles/contract.py	world_packs/vista_playable_home_r1/visual_profiles/contract.py	visual_profile	Apache-2.0
IvesLiu1026/SimWorld-Studio	d80aa78f7681e378a051528ec55b7cfdbe39f64d	6504dc93d1901cbe3983d042f6f86e93da044ace	100644	64e0869b381321b9e96c611222d5dfec0c43df86	world_packs/vista_playable_home_r1/visual_profiles/realistic_interior_r2.json	world_packs/vista_playable_home_r1/visual_profiles/realistic_interior_r2.json	visual_profile	Apache-2.0
IvesLiu1026/SimWorld-Studio	d80aa78f7681e378a051528ec55b7cfdbe39f64d	696eef9bb465b08e6956cce4743b38c79b356109	100644	27c0ed3d82891745120be07fb838f868163e4f0f	world_packs/vista_playable_home_r1/visual_profiles/realistic_interior_r2_external_placement.json	world_packs/vista_playable_home_r1/visual_profiles/realistic_interior_r2_external_placement.json	visual_profile	Apache-2.0
IvesLiu1026/SimWorld-Studio	d80aa78f7681e378a051528ec55b7cfdbe39f64d	b533fb80590d5aeb0b126a6f79737dfede364575	100644	6a153c6bbb83796b6a15f337828233e7b54dd4a5	world_packs/vista_playable_home_r1/visual_profiles/realistic_interior_r2_poly_haven_acquisition.json	world_packs/vista_playable_home_r1/visual_profiles/realistic_interior_r2_poly_haven_acquisition.json	visual_profile	Apache-2.0
IvesLiu1026/SimWorld-Studio	d80aa78f7681e378a051528ec55b7cfdbe39f64d	6504dc93d1901cbe3983d042f6f86e93da044ace	100644	03759608e6829a7406709bd3980dad7c0c0a9c25	world_packs/vista_playable_home_r1/visual_profiles/ue_5_7_3_renderer_registry.json	world_packs/vista_playable_home_r1/visual_profiles/ue_5_7_3_renderer_registry.json	visual_profile	Apache-2.0
